[{"username":"test","password":"$2b$10$1H84iblsB071ni31H1R2WOfT24pZ6Dl7X2XPlEUSIUWYfDpoREJKi","favorites":[{"vote_count":8754,"id":14160,"video":false,"vote_average":7.8,"title":"Up","popularity":34.559167,"poster_path":"/nk11pvocdb5zbFhX5oq5YiLPYMo.jpg","original_language":"en","original_title":"Up","genre_ids":[16,35,10751,12],"backdrop_path":"/owByaQiAlauEZy6hLd6dwsY4QHf.jpg","adult":false,"overview":"Carl Fredricksen spent his entire life dreaming of exploring the globe and experiencing life to its fullest. But at age 78, life seems to have passed him by, until a twist of fate (and a persistent 8-year old Wilderness Explorer named Russell) gives him a new lease on life.","release_date":"2009-05-13"},{"vote_count":14282,"id":293660,"video":false,"vote_average":7.5,"title":"Deadpool","popularity":30.857195,"poster_path":"/inVq3FRqcYIRl2la8iZikYYxFNR.jpg","original_language":"en","original_title":"Deadpool","genre_ids":[28,12,35],"backdrop_path":"/n1y094tVDFATSzkTnFxoGZ1qNsG.jpg","adult":false,"overview":"Deadpool tells the origin story of former Special Forces operative turned mercenary Wade Wilson, who after being subjected to a rogue experiment that leaves him with accelerated healing powers, adopts the alter ego Deadpool. Armed with his new abilities and a dark, twisted sense of humor, Deadpool hunts down the man who nearly destroyed his life.","release_date":"2016-02-09"}]},{"username":"ewq","password":"$2b$10$7DpphZfn9.KzsB5gaYoBz.Mn1o.ukv8Ry7VbV.KIvTXl1PMTBdTlq","favorites":[]},{"username":"oom","password":"$2b$10$5f/vLMNE.CsXEK3T8KA2QeIqwoLvhbIdYvMzosrfywsGQi1fvhhI.","favorites":[{"vote_count":76,"id":24801,"video":false,"vote_average":4.8,"title":"Cow Belles","popularity":6.46519,"poster_path":"/pDyivVEPZGhXikUBGIkUAN4U7jl.jpg","original_language":"en","original_title":"Cow Belles","genre_ids":[10770,35,10751,10749],"backdrop_path":"/ddu8PVPExgkNfF6WuwlQsr72OgP.jpg","adult":false,"overview":"In order to learn how to be responsible, two wealthy teen sisters are forced to work in the family business by their exasperated father. When company funds goes missing, it's up to the girls to save the day.","release_date":"2006-03-24"},{"vote_count":799,"id":10139,"video":false,"vote_average":7.2,"title":"Milk","popularity":8.371343,"poster_path":"/aTbhbnq9YnKJM6wGIiedfJaoV6m.jpg","original_language":"en","original_title":"Milk","genre_ids":[36,18],"backdrop_path":"/i8NcYenVqMzB95pVz8YOPIqmGj8.jpg","adult":false,"overview":"The story of California's first openly gay elected official, Harvey Milk, who  became an outspoken agent for change, seeking equal rights and opportunities for all. His great love for the city and its people brought him backing from young and old, straight and gay, alike – at a time when prejudice and violence against gays was openly accepted as the norm.","release_date":"2008-11-26"}]},{"username":"fff","password":"$2b$10$hnWSh8oAd.nlR6/AfV0O5eoWcxrTn7AyaJhPq/s8LrQWlsP8XCkLa","favorites":[]},{"username":"123","password":"$2b$10$StmLqHW6JHstIgmI6/KHveaihUmZeIqnq30ZbTytaosuz8rSWcxVS","favorites":[{"vote_count":8754,"id":14160,"video":false,"vote_average":7.8,"title":"Up","popularity":34.559167,"poster_path":"/nk11pvocdb5zbFhX5oq5YiLPYMo.jpg","original_language":"en","original_title":"Up","genre_ids":[16,35,10751,12],"backdrop_path":"/owByaQiAlauEZy6hLd6dwsY4QHf.jpg","adult":false,"overview":"Carl Fredricksen spent his entire life dreaming of exploring the globe and experiencing life to its fullest. But at age 78, life seems to have passed him by, until a twist of fate (and a persistent 8-year old Wilderness Explorer named Russell) gives him a new lease on life.","release_date":"2009-05-13"},{"vote_count":14282,"id":293660,"video":false,"vote_average":7.5,"title":"Deadpool","popularity":30.857195,"poster_path":"/inVq3FRqcYIRl2la8iZikYYxFNR.jpg","original_language":"en","original_title":"Deadpool","genre_ids":[28,12,35],"backdrop_path":"/n1y094tVDFATSzkTnFxoGZ1qNsG.jpg","adult":false,"overview":"Deadpool tells the origin story of former Special Forces operative turned mercenary Wade Wilson, who after being subjected to a rogue experiment that leaves him with accelerated healing powers, adopts the alter ego Deadpool. Armed with his new abilities and a dark, twisted sense of humor, Deadpool hunts down the man who nearly destroyed his life.","release_date":"2016-02-09"}]},{"username":"student","password":"$2b$10$kQq0DrQok4Gj2yerJPCmdOsd0foq.w51a5uAR6JEjQJMfET3mu.5m","favorites":[{"vote_count":7044,"id":862,"video":false,"vote_average":7.8,"title":"Toy Story","popularity":43.784612,"poster_path":"/rhIRbceoE9lR4veEXuwCC2wARtG.jpg","original_language":"en","original_title":"Toy Story","genre_ids":[16,35,10751],"backdrop_path":"/dji4Fm0gCDVb9DQQMRvAI8YNnTz.jpg","adult":false,"overview":"Led by Woody, Andy's toys live happily in his room until Andy's birthday brings Buzz Lightyear onto the scene. Afraid of losing his place in Andy's heart, Woody plots against Buzz. But when circumstances separate Buzz and Woody from their owner, the duo eventually learns to put aside their differences.","release_date":"1995-10-30"},{"vote_count":8926,"id":14160,"video":false,"vote_average":7.8,"title":"Up","popularity":36.649615,"poster_path":"/nk11pvocdb5zbFhX5oq5YiLPYMo.jpg","original_language":"en","original_title":"Up","genre_ids":[16,35,10751,12],"backdrop_path":"/owByaQiAlauEZy6hLd6dwsY4QHf.jpg","adult":false,"overview":"Carl Fredricksen spent his entire life dreaming of exploring the globe and experiencing life to its fullest. But at age 78, life seems to have passed him by, until a twist of fate (and a persistent 8-year old Wilderness Explorer named Russell) gives him a new lease on life.","release_date":"2009-05-13"},{"vote_count":14414,"id":24428,"video":false,"vote_average":7.5,"title":"The Avengers","popularity":176.818104,"poster_path":"/cezWGskPY5x7GaglTTRN4Fugfb8.jpg","original_language":"en","original_title":"The Avengers","genre_ids":[878,28,12],"backdrop_path":"/hbn46fQaRmlpBuUrEiFqv0GDL6Y.jpg","adult":false,"overview":"When an unexpected enemy emerges and threatens global safety and security, Nick Fury, director of the international peacekeeping agency known as S.H.I.E.L.D., finds himself in need of a team to pull the world back from the brink of disaster. Spanning the globe, a daring recruitment effort begins!","release_date":"2012-04-25"}]},{"username":"Quinton123","password":"$2b$10$c9jv6O6sO2EcDVO4mEBl1uDV/WJFW.SmQ358M0AmZA9Nelhz2yEBu","favorites":[{"vote_count":11229,"id":680,"video":false,"vote_average":8.3,"title":"Pulp Fiction","popularity":39.669849,"poster_path":"/dM2w364MScsjFf8pfMbaWUcWrR.jpg","original_language":"en","original_title":"Pulp Fiction","genre_ids":[53,80],"backdrop_path":"/4cDFJr4HnXN5AdPw4AKrmLlMWdO.jpg","adult":false,"overview":"A burger-loving hit man, his philosophical partner, a drug-addled gangster's moll and a washed-up boxer converge in this sprawling, comedic crime caper. Their adventures unfurl in three stories that ingeniously trip back and forth in time.","release_date":"1994-09-10"},{"vote_count":6748,"id":24,"video":false,"vote_average":7.8,"title":"Kill Bill: Vol. 1","popularity":31.935631,"poster_path":"/97fNAi62HawGjWru7PvVmF7RAbU.jpg","original_language":"en","original_title":"Kill Bill: Vol. 1","genre_ids":[28,80],"backdrop_path":"/kkS8PKa8c134vXsj2fQkNqOaCXU.jpg","adult":false,"overview":"An assassin is shot at the altar by her ruthless employer, Bill and other members of their assassination circle – but 'The Bride' lives to plot her vengeance. Setting out for some payback, she makes a death list and hunts down those who wronged her, saving Bill for last.","release_date":"2003-10-10"},{"vote_count":5385,"id":393,"video":false,"vote_average":7.7,"title":"Kill Bill: Vol. 2","popularity":28.161781,"poster_path":"/au9lFA5a2ZnBKCzPbZQf00r7J64.jpg","original_language":"en","original_title":"Kill Bill: Vol. 2","genre_ids":[28,80,53],"backdrop_path":"/gFJq6ZvmKrqcf8hWrIcndBUp7SY.jpg","adult":false,"overview":"The Bride unwaveringly continues on her roaring rampage of revenge against the band of assassins who had tried to kill her and her unborn child. She visits each of her former associates one-by-one, checking off the victims on her Death List Five until there's nothing left to do … but kill Bill.","release_date":"2004-04-16"},{"vote_count":8627,"id":16869,"video":false,"vote_average":8,"title":"Inglourious Basterds","popularity":35.173157,"poster_path":"/6zYuTKyvcwmtNvXXvJZNT0IgBL0.jpg","original_language":"en","original_title":"Inglourious Basterds","genre_ids":[18,28,53,10752],"backdrop_path":"/bk0GylJLneaSbpQZXpgTwleYigq.jpg","adult":false,"overview":"In Nazi-occupied France during World War II, a group of Jewish-American soldiers known as \"The Basterds\" are chosen specifically to spread fear throughout the Third Reich by scalping and brutally killing Nazis. The Basterds, lead by Lt. Aldo Raine soon cross paths with a French-Jewish teenage girl who runs a movie theater in Paris which is targeted by the soldiers.","release_date":"2009-08-18"},{"vote_count":12319,"id":550,"video":false,"vote_average":8.3,"title":"Fight Club","popularity":37.315959,"poster_path":"/adw6Lq9FiC9zjYEpOqfq03ituwp.jpg","original_language":"en","original_title":"Fight Club","genre_ids":[18],"backdrop_path":"/mMZRKb3NVo5ZeSPEIaNW9buLWQ0.jpg","adult":false,"overview":"A ticking-time-bomb insomniac and a slippery soap salesman channel primal male aggression into a shocking new form of therapy. Their concept catches on, with underground \"fight clubs\" forming in every town, until an eccentric gets in the way and ignites an out-of-control spiral toward oblivion.","release_date":"1999-10-15"},{"vote_count":11051,"id":603,"video":false,"vote_average":8,"title":"The Matrix","popularity":23.642069,"poster_path":"/hEpWvX6Bp79eLxY1kX5ZZJcme5U.jpg","original_language":"en","original_title":"The Matrix","genre_ids":[28,878],"backdrop_path":"/7u3pxc0K1wx32IleAkLv78MKgrw.jpg","adult":false,"overview":"Set in the 22nd century, The Matrix tells the story of a computer hacker who joins a group of underground insurgents fighting the vast and powerful computers who now rule the earth.","release_date":"1999-03-30"}]}]